Date,Total P (mg/L),Alkalinity as CaCO3 (mg/L),pH,DO (mg/L),EC (uS/cm),Distance from datum (m),Orthophosphate (mg/L),Site,NO3 (mg/L),SO4 (mg/L),Avg hyporheic gradient,Depth below water table (cm),WD_Elev (ft),WD_Discharge (cfs),CR_Elev (ft)
2023-11-16,,14.75943,5.92,3.81,80.21,-0.5199999999999996,0.0001,Upham North,0.0,17.75973333,-0.0014376110699294,143.08742072583465,804.4939583333334,4165.208333333333,844.4079166666666
2023-11-16,,18.69493333,6.14,3.58,94.89,-0.5199999999999996,0.0781,Upham North,0.0,18.26213333,-0.0014376110699294,123.08742072583463,804.4939583333334,4165.208333333333,844.4079166666666
2023-11-16,,20.3811,6.24,2.93,97.79,-0.5199999999999996,0.0573,Upham North,0.0,14.9591,-0.0014376110699294,103.08742072583463,804.4939583333334,4165.208333333333,844.4079166666666
2023-11-16,,22.6112,6.46,5.4,103.7,-0.5199999999999996,0.1215,Upham North,0.0,13.7175,-0.0014376110699294,83.08742072583463,804.4939583333334,4165.208333333333,844.4079166666666
2023-11-16,,19.3405,6.32,4.18,101.7,1.5900000000000003,0.1343,Upham North,0.0,16.32283333,-0.0014376110699294,134.48408479007952,804.4939583333334,4165.208333333333,844.4079166666666
2023-11-16,,20.83983333,6.46,5.16,88.52,1.5900000000000003,0.4527,Upham North,0.0,6.3864,-0.0014376110699294,114.48408479007952,804.4939583333334,4165.208333333333,844.4079166666666
2023-11-16,,54.9036,6.4,3.59,160.6,1.5900000000000003,0.2756,Upham North,0.0,0.9658,-0.0014376110699294,94.48408479007952,804.4939583333334,4165.208333333333,844.4079166666666
2023-11-16,,28.34043,6.48,4.97,109.7,1.5900000000000003,0.3473,Upham North,0.0,1.760133333,-0.0014376110699294,74.48408479007952,804.4939583333334,4165.208333333333,844.4079166666666
2023-11-16,,49.15543,6.6,6.29,160.4,1.5900000000000003,0.1042,Upham North,0.0,0.0,-0.0014376110699294,54.48408479007952,804.4939583333334,4165.208333333333,844.4079166666666
2023-11-16,,17.1672,5.94,4.09,71.4,5.251,0.0001,Upham North,0.1927,11.9556,-0.0014376110699294,176.0577753773783,804.4939583333334,4165.208333333333,844.4079166666666
2023-11-16,,14.5813,5.83,5.61,72.78,5.251,0.0001,Upham North,0.4473,10.33073333,-0.0014376110699294,146.0577753773783,804.4939583333334,4165.208333333333,844.4079166666666
2023-11-16,,15.14146667,6.05,6.19,74.64,5.251,0.0258333333333333,Upham North,0.2938,12.35176667,-0.0014376110699294,116.0577753773783,804.4939583333334,4165.208333333333,844.4079166666666
2023-11-16,,23.26556667,6.28,4.21,141.2,5.251,0.0001,Upham North,0.0,16.66366667,-0.0014376110699294,56.05777537737831,804.4939583333334,4165.208333333333,844.4079166666666
2023-11-16,,10.93613333,5.84,7.96,73.53,9.54,0.0001,Upham North,0.1859,13.2695,-0.0014376110699294,141.44118398948552,804.4939583333334,4165.208333333333,844.4079166666666
2023-11-16,,21.3586,5.79,7.55,68.19,9.54,0.0001,Upham North,0.1959,12.96286667,-0.0014376110699294,111.44118398948552,804.4939583333334,4165.208333333333,844.4079166666666
2023-11-16,,12.04973,5.96,7.04,68.47,9.54,0.0001,Upham North,0.3155,11.0589,-0.0014376110699294,81.44118398948552,804.4939583333334,4165.208333333333,844.4079166666666
2023-11-16,,16.59473,6.31,6.66,76.66,9.54,0.0001,Upham North,0.5406,8.184633333,-0.0014376110699294,51.44118398948552,804.4939583333334,4165.208333333333,844.4079166666666
2023-11-16,,35.21683333,6.5,6.76,64.24,-1.0177960185796309,0.0001,Upham West,0.0641,0.368733333,0.0031513264130783,138.42516988969373,804.4939583333334,4165.208333333333,844.4079166666666
2023-11-16,,33.73303,6.48,6.1,67.31,-1.0177960185796309,0.0001,Upham West,0.0479,0.4697,0.0031513264130783,118.42516988969372,804.4939583333334,4165.208333333333,844.4079166666666
2023-11-16,,36.1559,6.61,4.32,80.29,-1.0177960185796309,0.0001,Upham West,0.0,2.4848,0.0031513264130783,98.42516988969372,804.4939583333334,4165.208333333333,844.4079166666666
2023-11-16,,37.4391,6.29,2.36,79.67,-1.0177960185796309,0.0001,Upham West,0.0,3.167933333,0.0031513264130783,78.42516988969373,804.4939583333334,4165.208333333333,844.4079166666666
2023-11-16,,40.30243333,6.34,4.46,77.88,-1.0177960185796309,0.0282,Upham West,0.0,0.010766667,0.0031513264130783,58.42516988969374,804.4939583333334,4165.208333333333,844.4079166666666
2023-11-16,,32.97993,6.52,5.86,64.21,0.5801520148779957,0.0001,Upham West,0.0376,0.0631,0.0031513264130783,129.42873547432083,804.4939583333334,4165.208333333333,844.4079166666666
2023-11-16,,34.0744,6.46,5.2,63.25,0.5801520148779957,0.0268,Upham West,0.0,0.135366667,0.0031513264130783,109.42873547432085,804.4939583333334,4165.208333333333,844.4079166666666
2023-11-16,,31.94546667,6.32,5.78,57.12,0.5801520148779957,0.0376,Upham West,0.0,0.344566667,0.0031513264130783,89.42873547432085,804.4939583333334,4165.208333333333,844.4079166666666
2023-11-16,,34.565,6.17,4.9,70.91,0.5801520148779957,0.064,Upham West,0.0,0.0,0.0031513264130783,69.42873547432085,804.4939583333334,4165.208333333333,844.4079166666666
2023-11-16,,33.8496,6.56,6.66,61.88,0.5801520148779957,0.1524,Upham West,0.0,1.5124,0.0031513264130783,49.428735474320845,804.4939583333334,4165.208333333333,844.4079166666666
2023-11-16,,26.8432,6.43,6.61,49.8,2.762175040294632,0.056,Upham West,0.0025,0.763833333,0.0031513264130783,73.7163621535836,804.4939583333334,4165.208333333333,844.4079166666666
2023-11-16,,18.88747,5.84,4.51,43.22,2.762175040294632,0.0001,Upham West,0.0004,1.471833333,0.0031513264130783,43.7163621535836,804.4939583333334,4165.208333333333,844.4079166666666
2023-11-16,,30.19906667,5.95,4.86,68.72,2.762175040294632,0.0001,Upham West,0.0033,2.9385,0.0031513264130783,13.716362153583605,804.4939583333334,4165.208333333333,844.4079166666666
2023-11-16,,45.1787,6.52,6.46,98.91,15.2454964021004,0.0001,Upham West,0.0016,2.2279,0.0031513264130783,78.0502641866853,804.4939583333334,4165.208333333333,844.4079166666666
2023-11-16,,19.36006667,5.63,6.3,34.98,15.2454964021004,0.0598,Upham West,0.029,3.874566667,0.0031513264130783,38.0502641866853,804.4939583333334,4165.208333333333,844.4079166666666
2023-11-16,,43.37636667,6.57,5.45,86.16,15.2454964021004,0.0494,Upham West,0.0277,1.585466667,0.0031513264130783,-1.9497358133147031,804.4939583333334,4165.208333333333,844.4079166666666
2024-07-09,0.0212,,6.33,5.12,69.39,-1.0177960185796309,0.014,Upham West,0.323233333,0.541,0.002961972147816,158.41811499258776,809.0829166666667,16402.083333333332,847.7184375
2024-07-09,0.0257,,6.19,4.35,70.94,-1.0177960185796309,0.015,Upham West,0.311533333,1.059,0.002961972147816,138.41811499258776,809.0829166666667,16402.083333333332,847.7184375
2024-07-09,0.0656,,6.1,1.71,83.34,-1.0177960185796309,0.038,Upham West,0.0171,5.247766667,0.002961972147816,118.41811499258776,809.0829166666667,16402.083333333332,847.7184375
2024-07-09,0.0408,,6.12,2.52,82.48,-1.0177960185796309,0.032,Upham West,0.0,4.6893,0.002961972147816,98.41811499258776,809.0829166666667,16402.083333333332,847.7184375
2024-07-09,0.0662,,6.06,2.48,89.27,-1.0177960185796309,0.044,Upham West,0.0,1.122033333,0.002961972147816,78.41811499258777,809.0829166666667,16402.083333333332,847.7184375
2024-07-09,0.0175,,6.29,3.61,63.66,0.5801520148779957,0.012,Upham West,0.1013,1.243666667,0.002961972147816,149.39142274962433,809.0829166666667,16402.083333333332,847.7184375
2024-07-09,0.0332,,6.07,2.24,68.83,0.5801520148779957,0.019,Upham West,0.210966667,2.779533333,0.002961972147816,129.39142274962433,809.0829166666667,16402.083333333332,847.7184375
2024-07-09,0.0306,,5.86,1.7,78.12,0.5801520148779957,0.016,Upham West,0.0,6.8963,0.002961972147816,109.39142274962434,809.0829166666667,16402.083333333332,847.7184375
2024-07-09,0.0706,,5.71,1.78,94.03,0.5801520148779957,0.026,Upham West,0.0,4.414533333,0.002961972147816,89.39142274962434,809.0829166666667,16402.083333333332,847.7184375
2024-07-09,0.2408,,6.02,2.13,84.6,0.5801520148779957,0.104,Upham West,0.0,5.1532,0.002961972147816,69.39142274962434,809.0829166666667,16402.083333333332,847.7184375
2024-07-09,0.0325,,6.15,2.99,83.81,1.1453617495144242,0.012,Upham West,0.545733333,6.6711,0.002961972147816,130.8588362986026,809.0829166666667,16402.083333333332,847.7184375
2024-07-09,0.0695,,6.02,1.9,76.47,1.1453617495144242,0.014,Upham West,0.0,8.828566667,0.002961972147816,90.8588362986026,809.0829166666667,16402.083333333332,847.7184375
2024-07-09,0.0587,,5.78,2.34,85.49,1.1453617495144242,0.018,Upham West,0.0,15.57123333,0.002961972147816,50.8588362986026,809.0829166666667,16402.083333333332,847.7184375
2024-07-09,0.1573,,5.75,1.72,272.9,1.1453617495144242,0.08,Upham West,0.0,0.0,0.002961972147816,10.858836298602595,809.0829166666667,16402.083333333332,847.7184375
2024-07-09,0.026,,5.9,1.74,72.58,2.762175040294632,0.017,Upham West,0.398233333,10.2564,0.002961972147816,93.63773189221868,809.0829166666667,16402.083333333332,847.7184375
2024-07-09,0.0302,,5.72,2.83,71.1,2.762175040294632,0.017,Upham West,0.0,10.85093333,0.002961972147816,63.63773189221868,809.0829166666667,16402.083333333332,847.7184375
2024-07-09,1.3651,,5.76,4.24,127.9,2.762175040294632,0.032,Upham West,0.0,22.6472,0.002961972147816,33.63773189221868,809.0829166666667,16402.083333333332,847.7184375
2024-07-09,0.1844,,5.91,3.19,59.22,15.2454964021004,0.019,Upham West,0.0,4.477633333,0.002961972147816,137.7352569108669,809.0829166666667,16402.083333333332,847.7184375
2024-07-09,0.0215,,6.09,2.95,111.3,15.2454964021004,0.011,Upham West,0.0,10.22483333,0.002961972147816,97.7352569108669,809.0829166666667,16402.083333333332,847.7184375
2024-07-09,0.0335,,5.23,2.51,89.33,15.2454964021004,0.011,Upham West,0.0,27.10623333,0.002961972147816,57.735256910866894,809.0829166666667,16402.083333333332,847.7184375
2024-07-09,0.0495,,6.23,3.79,117.0,15.2454964021004,0.01,Upham West,0.0,9.589766667,0.002961972147816,17.735256910866894,809.0829166666667,16402.083333333332,847.7184375
2024-07-30,0.0156,,6.41,4.44,43.05,-1.0177960185796309,0.01,Upham West,0.965166667,1.8613,0.0013376166329468,145.99104467522054,804.9896875,5405.0,844.8114583333332
2024-07-30,0.0267,,6.31,3.93,41.41,-1.0177960185796309,0.009,Upham West,0.569666667,5.257466667,0.0013376166329468,125.99104467522056,804.9896875,5405.0,844.8114583333332
2024-07-30,0.0569,,6.25,3.87,42.15,-1.0177960185796309,0.028,Upham West,0.0,4.788366667,0.0013376166329468,105.99104467522056,804.9896875,5405.0,844.8114583333332
2024-07-30,0.0383,,6.23,2.91,40.59,-1.0177960185796309,0.027,Upham West,0.034633333,3.2029,0.0013376166329468,85.99104467522055,804.9896875,5405.0,844.8114583333332
2024-07-30,0.0575,,6.05,1.19,43.98,-1.0177960185796309,0.04,Upham West,0.000633333,0.801166667,0.0013376166329468,65.99104467522055,804.9896875,5405.0,844.8114583333332
2024-07-30,0.0132,,6.37,3.56,35.47,0.5801520148779957,0.007,Upham West,1.045133333,0.993533333,0.0013376166329468,136.70478886210688,804.9896875,5405.0,844.8114583333332
2024-07-30,0.0472,,6.18,2.41,41.13,0.5801520148779957,0.028,Upham West,0.094166667,7.8374,0.0013376166329468,116.70478886210688,804.9896875,5405.0,844.8114583333332
2024-07-30,0.045,,5.94,1.87,36.55,0.5801520148779957,0.023,Upham West,0.0619,7.049333333,0.0013376166329468,96.70478886210688,804.9896875,5405.0,844.8114583333332
2024-07-30,0.0594,,5.91,2.93,49.91,0.5801520148779957,0.034,Upham West,0.0,6.0174,0.0013376166329468,76.70478886210688,804.9896875,5405.0,844.8114583333332
2024-07-30,0.1486,,5.99,1.67,56.39,0.5801520148779957,0.191,Upham West,0.0,5.173,0.0013376166329468,56.70478886210688,804.9896875,5405.0,844.8114583333332
2024-07-30,0.0203,,6.18,4.51,39.56,1.1453617495144242,0.01,Upham West,0.642933333,4.131666667,0.0013376166329468,118.08039225623706,804.9896875,5405.0,844.8114583333332
2024-07-30,0.017,,6.03,2.34,35.63,1.1453617495144242,0.011,Upham West,0.0,6.4442,0.0013376166329468,78.08039225623706,804.9896875,5405.0,844.8114583333332
2024-07-30,0.0496,,5.87,2.28,46.68,1.1453617495144242,0.023,Upham West,0.0,12.94566667,0.0013376166329468,38.08039225623706,804.9896875,5405.0,844.8114583333332
2024-07-30,0.0559,,5.78,3.5,57.47,1.1453617495144242,0.022,Upham West,0.0,21.9098,0.0013376166329468,-1.9196077437629384,804.9896875,5405.0,844.8114583333332
2024-07-30,0.0241,,5.97,3.41,35.98,2.762175040294632,0.012,Upham West,0.641933333,8.916266667,0.0013376166329468,80.59665989127816,804.9896875,5405.0,844.8114583333332
2024-07-30,0.0221,,5.79,3.67,36.77,2.762175040294632,0.013,Upham West,0.0,11.61816667,0.0013376166329468,50.596659891278165,804.9896875,5405.0,844.8114583333332
2024-07-30,0.0806,,5.94,2.5,44.2,2.762175040294632,0.041,Upham West,0.0,10.50646667,0.0013376166329468,20.596659891278165,804.9896875,5405.0,844.8114583333332
2024-07-30,0.3663,,6.06,2.69,36.05,15.2454964021004,0.016,Upham West,0.0,6.983666667,0.0013376166329468,122.66644972010135,804.9896875,5405.0,844.8114583333332
2024-07-30,0.0384,,6.05,1.58,45.34,15.2454964021004,0.012,Upham West,0.0,8.086,0.0013376166329468,82.66644972010135,804.9896875,5405.0,844.8114583333332
2024-07-30,0.0248,,5.44,3.29,21.27,15.2454964021004,0.008,Upham West,0.125633333,9.8169,0.0013376166329468,42.66644972010136,804.9896875,5405.0,844.8114583333332
2024-07-30,0.0235,,6.25,4.3,32.78,15.2454964021004,0.008,Upham West,0.317866667,1.856633333,0.0013376166329468,2.6664497201013546,804.9896875,5405.0,844.8114583333332
2024-07-30,0.0272,,5.87,2.25,69.98,-0.5199999999999996,0.013,Upham North,0.677933333,14.6719,-0.0035505328361288,149.3729354617285,804.9896875,5405.0,844.8114583333332
2024-07-30,0.1398,,5.98,3.52,84.55,-0.5199999999999996,0.115,Upham North,0.064366667,17.35033333,-0.0035505328361288,129.3729354617285,804.9896875,5405.0,844.8114583333332
2024-07-30,0.1684,,5.96,1.29,129.4,-0.5199999999999996,0.145,Upham North,0.0,11.7167,-0.0035505328361288,109.3729354617285,804.9896875,5405.0,844.8114583333332
2024-07-30,0.2542,,6.05,1.13,133.0,-0.5199999999999996,0.227,Upham North,0.0,8.9069,-0.0035505328361288,89.3729354617285,804.9896875,5405.0,844.8114583333332
2024-07-30,0.3681,,6.11,2.29,125.1,-0.5199999999999996,0.322,Upham North,0.0,7.115,-0.0035505328361288,69.3729354617285,804.9896875,5405.0,844.8114583333332
2024-07-30,0.3273,,5.99,3.23,172.5,1.5900000000000003,0.309,Upham North,0.0,21.77373333,-0.0035505328361288,140.32377303330532,804.9896875,5405.0,844.8114583333332
2024-07-30,0.4074,,6.08,1.45,156.4,1.5900000000000003,0.418,Upham North,0.0,19.2032,-0.0035505328361288,120.32377303330532,804.9896875,5405.0,844.8114583333332
2024-07-30,0.3472,,6.15,1.66,166.1,1.5900000000000003,0.309,Upham North,0.0,6.533366667,-0.0035505328361288,100.32377303330532,804.9896875,5405.0,844.8114583333332
2024-07-30,0.3653,,6.07,1.4,164.7,1.5900000000000003,0.332,Upham North,0.0,10.57213333,-0.0035505328361288,80.32377303330532,804.9896875,5405.0,844.8114583333332
2024-07-30,0.2529,,5.98,1.61,165.0,1.5900000000000003,0.192,Upham North,0.0,9.014766667,-0.0035505328361288,60.32377303330532,804.9896875,5405.0,844.8114583333332
2024-07-30,0.0298,,5.49,1.81,97.18,5.251,0.012,Upham North,0.094166667,10.5862,-0.0035505328361288,111.12392296199852,804.9896875,5405.0,844.8114583333332
2024-07-30,0.0959,,5.49,1.85,105.3,5.251,0.06,Upham North,1.8872,4.478766667,-0.0035505328361288,81.12392296199852,804.9896875,5405.0,844.8114583333332
2024-07-30,0.509,,6.29,2.79,135.0,5.251,0.235,Upham North,0.0,7.8233,-0.0035505328361288,51.12392296199852,804.9896875,5405.0,844.8114583333332
2024-07-30,0.3876,,5.92,1.34,150.6,5.251,0.26,Upham North,0.0,16.7546,-0.0035505328361288,21.12392296199852,804.9896875,5405.0,844.8114583333332
2024-07-30,0.0288,,6.17,2.36,64.64,9.54,0.005,Upham North,2.418733333,9.8216,-0.0035505328361288,105.6010994285828,804.9896875,5405.0,844.8114583333332
2024-07-30,0.0433,,5.74,3.44,43.34,9.54,0.007,Upham North,1.370166667,5.299666667,-0.0035505328361288,75.60109942858281,804.9896875,5405.0,844.8114583333332
2024-07-30,0.0623,,5.63,5.29,51.62,9.54,0.008,Upham North,0.7694,5.6468,-0.0035505328361288,45.60109942858281,804.9896875,5405.0,844.8114583333332
2024-07-30,0.213,,5.49,3.51,95.7,9.54,0.025,Upham North,0.0,11.0553,-0.0035505328361288,15.601099428582812,804.9896875,5405.0,844.8114583333332
2024-08-28,0.024,35.55436667,6.4,4.54,97.79,-1.0177960185796309,0.013,Upham West,7.094746529,2.102909198,0.0018364670741772,146.26605655698543,804.8115625,4958.125,844.5686458333333
2024-08-28,0.0259,35.14063333,6.26,2.35,99.17,-1.0177960185796309,0.014,Upham West,6.12932087,4.233924707,0.0018364670741772,126.26605655698545,804.8115625,4958.125,844.5686458333333
2024-08-28,0.0686,36.13736667,6.19,3.14,87.68,-1.0177960185796309,0.043,Upham West,0.029921226,5.84525012,0.0018364670741772,106.26605655698545,804.8115625,4958.125,844.5686458333333
2024-08-28,0.039,51.0134,6.09,1.84,125.3,-1.0177960185796309,0.03,Upham West,0.0,1.852985288,0.0018364670741772,86.26605655698543,804.8115625,4958.125,844.5686458333333
2024-08-28,0.0542,48.6625,6.12,2.97,108.7,-1.0177960185796309,0.043,Upham West,0.0,0.046469039,0.0018364670741772,66.26605655698543,804.8115625,4958.125,844.5686458333333
2024-08-28,0.0172,33.4104,6.38,2.54,67.54,0.5801520148779957,0.008,Upham West,0.688927929,0.424713108,0.0018364670741772,137.05951445205417,804.8115625,4958.125,844.5686458333333
2024-08-28,0.047,29.89363333,6.23,2.18,69.89,0.5801520148779957,0.026,Upham West,0.974706392,0.893435494,0.0018364670741772,117.05951445205416,804.8115625,4958.125,844.5686458333333
2024-08-28,0.0526,23.51813333,6.04,1.72,64.19,0.5801520148779957,0.032,Upham West,1.044256493,2.801884813,0.0018364670741772,97.05951445205416,804.8115625,4958.125,844.5686458333333
2024-08-28,0.0792,27.33586667,5.95,2.15,75.04,0.5801520148779957,0.055,Upham West,0.0,4.012310283,0.0018364670741772,77.05951445205417,804.8115625,4958.125,844.5686458333333
2024-08-28,0.1368,37.94276667,6.18,1.79,101.5,0.5801520148779957,0.084,Upham West,0.017523004,4.436831122,0.0018364670741772,57.059514452054174,804.8115625,4958.125,844.5686458333333
2024-08-28,0.0242,32.15036667,6.25,3.31,84.42,1.1453617495144242,0.011,Upham West,2.397817231,4.831810952,0.0018364670741772,118.46331335870372,804.8115625,4958.125,844.5686458333333
2024-08-28,0.0185,23.6874,6.07,1.89,87.34,1.1453617495144242,0.011,Upham West,0.514231729,15.2156651,0.0018364670741772,78.46331335870373,804.8115625,4958.125,844.5686458333333
2024-08-28,0.0482,27.9753,5.87,3.07,90.06,1.1453617495144242,0.024,Upham West,0.057833558,10.73220824,0.0018364670741772,38.46331335870373,804.8115625,4958.125,844.5686458333333
2024-08-28,0.0394,26.64,5.78,4.8,90.29,1.1453617495144242,0.021,Upham West,0.030321889,9.717854052,0.0018364670741772,-1.5366866412962707,804.8115625,4958.125,844.5686458333333
2024-08-28,0.0282,22.50253333,6.04,2.55,69.88,2.762175040294632,0.012,Upham West,1.013838715,8.513865475,0.0018364670741772,81.06023579610509,804.8115625,4958.125,844.5686458333333
2024-08-28,0.0257,21.82553333,5.84,1.46,74.07,2.762175040294632,0.016,Upham West,0.242232447,13.41946899,0.0018364670741772,51.06023579610509,804.8115625,4958.125,844.5686458333333
2024-08-28,0.0653,30.32613333,5.9,1.16,120.4,2.762175040294632,0.044,Upham West,0.0,19.34305403,0.0018364670741772,21.06023579610509,804.8115625,4958.125,844.5686458333333
2024-08-28,0.0196,25.9254,6.1,3.45,53.19,15.2454964021004,0.008,Upham West,0.923741687,1.143558047,0.0018364670741772,83.75275666187375,804.8115625,4958.125,844.5686458333333
2024-08-28,0.0372,18.87286667,5.74,1.57,50.94,15.2454964021004,0.015,Upham West,0.026803682,5.917456154,0.0018364670741772,43.75275666187375,804.8115625,4958.125,844.5686458333333
2024-08-28,0.0154,25.71853333,6.39,4.43,53.04,15.2454964021004,0.005,Upham West,0.730703199,0.50436471,0.0018364670741772,3.7527566618737462,804.8115625,4958.125,844.5686458333333
2024-08-28,0.0402,17.3872,5.8,1.12,71.84,-0.5199999999999996,0.021,Upham North,0.018514358,9.660824333,-0.0032801327154932,149.4854315603196,804.8115625,4958.125,844.5686458333333
2024-08-28,0.1492,31.04083333,5.97,1.94,101.6,-0.5199999999999996,0.121,Upham North,0.1279,7.082610941,-0.0032801327154932,129.4854315603196,804.8115625,4958.125,844.5686458333333
2024-08-28,0.1692,41.1399,5.97,1.03,124.7,-0.5199999999999996,0.086,Upham North,0.195766667,5.077687677,-0.0032801327154932,109.4854315603196,804.8115625,4958.125,844.5686458333333
2024-08-28,0.244,42.8137,6.04,1.18,145.7,-0.5199999999999996,0.215,Upham North,0.017704906,5.091177499,-0.0032801327154932,89.4854315603196,804.8115625,4958.125,844.5686458333333
2024-08-28,0.3402,52.68713333,6.06,1.4,159.2,-0.5199999999999996,0.299,Upham North,0.079233333,2.44011772,-0.0032801327154932,69.4854315603196,804.8115625,4958.125,844.5686458333333
2024-08-28,0.3395,43.60356667,6.06,0.91,168.9,1.5900000000000003,0.312,Upham North,0.012014505,13.38527848,-0.0032801327154932,140.49332355735052,804.8115625,4958.125,844.5686458333333
2024-08-28,0.4272,43.56593333,6.08,0.96,154.7,1.5900000000000003,0.4,Upham North,0.0,2.033058225,-0.0032801327154932,120.49332355735052,804.8115625,4958.125,844.5686458333333
2024-08-28,0.3432,59.30706667,6.12,0.94,192.5,1.5900000000000003,0.306,Upham North,0.120366667,0.020062259,-0.0032801327154932,100.49332355735052,804.8115625,4958.125,844.5686458333333
2024-08-28,0.3151,53.3642,6.13,1.08,171.9,1.5900000000000003,0.362,Upham North,0.0,1.863001837,-0.0032801327154932,80.49332355735052,804.8115625,4958.125,844.5686458333333
2024-08-28,0.1964,52.32983333,6.01,1.51,189.7,1.5900000000000003,0.12,Upham North,0.0,0.142363678,-0.0032801327154932,60.49332355735052,804.8115625,4958.125,844.5686458333333
2024-08-28,0.0433,21.78793333,5.5,1.32,105.2,5.251,0.018,Upham North,0.157272053,8.834004572,-0.0032801327154932,111.39246697020846,804.8115625,4958.125,844.5686458333333
2024-08-28,0.097,32.54526667,5.43,1.81,110.7,5.251,0.064,Upham North,0.0,1.806108312,-0.0032801327154932,81.39246697020846,804.8115625,4958.125,844.5686458333333
2024-08-28,0.4295,43.32146667,6.09,1.83,166.8,5.251,0.287,Upham North,0.120366667,0.092976294,-0.0032801327154932,51.39246697020846,804.8115625,4958.125,844.5686458333333
2024-08-28,0.3516,51.18266667,5.66,1.67,141.9,5.251,0.174,Upham North,0.020592064,0.839521384,-0.0032801327154932,21.39246697020846,804.8115625,4958.125,844.5686458333333
2024-08-28,0.0137,10.20306667,5.69,47.0,58.5,9.54,0.008,Upham North,6.892044891,8.157363387,-0.0032801327154932,105.98561804853338,804.8115625,4958.125,844.5686458333333
2024-08-28,0.064,8.3224,5.7,42.3,49.49,9.54,0.009,Upham North,5.541626209,6.675956789,-0.0032801327154932,75.98561804853338,804.8115625,4958.125,844.5686458333333
2024-08-28,0.145,9.920966667,5.66,34.7,41.76,9.54,0.008,Upham North,4.767746665,4.01648489,-0.0032801327154932,45.98561804853338,804.8115625,4958.125,844.5686458333333
2024-08-28,0.0855,15.26203333,5.59,28.3,47.06,9.54,0.012,Upham North,0.608513033,4.172979914,-0.0032801327154932,15.985618048533382,804.8115625,4958.125,844.5686458333333
2024-09-24,,40.8342,6.33,4.93,84.06,-1.0177960185796309,0.015,Upham West,1.572,2.4308,0.0022944616738607,146.4584101049241,804.5932291666667,4456.5625,844.1626041666667
2024-09-24,,41.66603333,6.23,2.81,92.05,-1.0177960185796309,0.018,Upham West,1.9502,3.9607,0.0022944616738607,126.45841010492413,804.5932291666667,4456.5625,844.1626041666667
2024-09-24,,38.26493333,6.01,1.16,88.97,-1.0177960185796309,0.068,Upham West,0.3638,7.6664,0.0022944616738607,106.45841010492413,804.5932291666667,4456.5625,844.1626041666667
2024-09-24,,43.1816,6.25,2.48,83.04,0.5801520148779957,0.013,Upham West,1.9303,1.2129,0.0022944616738607,137.32505315700757,804.5932291666667,4456.5625,844.1626041666667
2024-09-24,,38.191,6.11,1.86,75.32,0.5801520148779957,0.032,Upham West,1.9921,1.4411,0.0022944616738607,117.32505315700756,804.5932291666667,4456.5625,844.1626041666667
2024-09-24,,33.12646667,5.98,1.56,73.06,0.5801520148779957,0.023,Upham West,2.254,3.3439,0.0022944616738607,97.32505315700756,804.5932291666667,4456.5625,844.1626041666667
2024-09-24,,31.4999,5.94,2.19,76.14,0.5801520148779957,0.14,Upham West,0.0092,0.0298,0.0022944616738607,77.32505315700755,804.5932291666667,4456.5625,844.1626041666667
2024-09-24,,31.07476667,6.2,1.5,70.83,0.5801520148779957,0.169,Upham West,0.0147,1.1891,0.0022944616738607,57.32505315700755,804.5932291666667,4456.5625,844.1626041666667
2024-09-24,,36.7308,6.24,4.29,79.49,1.1453617495144242,0.015,Upham West,1.9562,2.2186,0.0022944616738607,118.75473836424317,804.5932291666667,4456.5625,844.1626041666667
2024-09-24,,30.05816667,6.09,3.11,80.67,1.1453617495144242,0.019,Upham West,0.4881,8.5294,0.0022944616738607,78.75473836424315,804.5932291666667,4456.5625,844.1626041666667
2024-09-24,,26.58323333,5.9,1.46,79.17,1.1453617495144242,0.049,Upham West,0.0344,12.3862,0.0022944616738607,38.75473836424315,804.5932291666667,4456.5625,844.1626041666667
2024-09-24,,26.3984,5.64,3.41,94.63,1.1453617495144242,0.026,Upham West,0.0231,18.4752,0.0022944616738607,-1.2452616357568471,804.5932291666667,4456.5625,844.1626041666667
2024-09-24,,28.561,5.94,2.93,82.49,2.762175040294632,0.016,Upham West,2.6658,10.8926,0.0022944616738607,81.42570997724198,804.5932291666667,4456.5625,844.1626041666667
2024-09-24,,24.99363333,5.73,1.52,74.05,2.762175040294632,0.016,Upham West,0.5715,14.0876,0.0022944616738607,51.42570997724198,804.5932291666667,4456.5625,844.1626041666667
2024-09-24,,32.42406667,5.82,1.25,93.5,2.762175040294632,0.071,Upham West,0.0154,12.3128,0.0022944616738607,21.42570997724198,804.5932291666667,4456.5625,844.1626041666667
2024-09-24,,,6.05,2.42,67.92,15.2454964021004,0.009,Upham West,0.0107,9.6142,0.0022944616738607,124.68996022000168,804.5932291666667,4456.5625,844.1626041666667
2024-09-24,,30.11356667,6.19,5.49,55.1,15.2454964021004,0.008,Upham West,0.9362,0.9732,0.0022944616738607,84.68996022000167,804.5932291666667,4456.5625,844.1626041666667
2024-09-24,,27.50743333,5.85,2.46,54.24,15.2454964021004,0.017,Upham West,0.4832,3.6178,0.0022944616738607,44.68996022000167,804.5932291666667,4456.5625,844.1626041666667
2024-09-24,,29.9288,6.38,5.51,57.64,15.2454964021004,0.006,Upham West,0.7001,0.284,0.0022944616738607,4.689960220001666,804.5932291666667,4456.5625,844.1626041666667
2024-09-24,,49.63243333,6.13,1.92,130.2,-0.5199999999999996,0.127,Upham North,0.00685,4.9932,-0.0018701378794365,108.19376738129272,804.5932291666667,4456.5625,844.1626041666667
2024-09-24,,45.32576667,6.2,3.24,135.3,-0.5199999999999996,0.245,Upham North,0.0174,0.01885,-0.0018701378794365,68.19376738129272,804.5932291666667,4456.5625,844.1626041666667
2024-09-24,,14.9385,5.78,4.13,58.91,5.251,0.008,Upham North,11.0716,5.671,-0.0018701378794365,110.91451081106987,804.5932291666667,4456.5625,844.1626041666667
2024-09-24,,15.30813333,5.75,4.65,63.41,9.54,0.006,Upham North,12.9658,7.4577,-0.0018701378794365,106.11240867457953,804.5932291666667,4456.5625,844.1626041666667
2024-09-24,,13.03463333,5.75,5.77,58.1,9.54,0.008,Upham North,12.5455,6.3238,-0.0018701378794365,76.11240867457951,804.5932291666667,4456.5625,844.1626041666667
2024-09-24,,15.456,5.91,3.94,51.13,9.54,0.004,Upham North,6.7553,5.0929,-0.0018701378794365,46.11240867457951,804.5932291666667,4456.5625,844.1626041666667
2024-09-24,,20.4466,5.76,1.41,40.58,9.54,0.014,Upham North,0.7293,4.4705,-0.0018701378794365,16.112408674579513,804.5932291666667,4456.5625,844.1626041666667
2024-10-22,0.0347,,5.86,2.06,73.98,-0.5199999999999996,0.02,Upham North,0.12515,11.0538,-0.0018428244655489,131.4385705550132,803.9494791666666,3129.270833333333,843.7269791666666
2024-10-22,0.1165,,6.09,3.28,89.3,-0.5199999999999996,0.085,Upham North,0.29985,9.93265,-0.0018428244655489,111.4385705550132,803.9494791666666,3129.270833333333,843.7269791666666
2024-10-22,0.3002,,6.23,2.14,123.0,-0.5199999999999996,0.245,Upham North,0.1256,0.36325,-0.0018428244655489,51.43857055501319,803.9494791666666,3129.270833333333,843.7269791666666
2024-10-22,0.287,,6.12,2.0,142.7,1.5900000000000003,0.255,Upham North,0.1246,17.1228,-0.0018428244655489,122.74973459278236,803.9494791666666,3129.270833333333,843.7269791666666
2024-10-22,0.1249,,6.35,5.36,140.7,1.5900000000000003,0.103,Upham North,0.1335,1.174,-0.0018428244655489,42.74973459278234,803.9494791666666,3129.270833333333,843.7269791666666
2024-10-22,0.0332,,5.73,5.39,55.69,5.251,0.008,Upham North,10.4952,7.42895,-0.0018428244655489,94.17507655594484,803.9494791666666,3129.270833333333,843.7269791666666
2024-10-22,0.1095,,5.88,5.36,44.89,5.251,0.07,Upham North,0.124,5.4297,-0.0018428244655489,64.17507655594483,803.9494791666666,3129.270833333333,843.7269791666666
2024-10-22,0.5654,,6.15,3.17,67.78,5.251,0.424,Upham North,0.1235,3.3089,-0.0018428244655489,34.17507655594483,803.9494791666666,3129.270833333333,843.7269791666666
2024-10-22,0.0105,,5.66,5.99,75.76,9.54,0.006,Upham North,24.63,4.87315,-0.0018428244655489,89.38468914267085,803.9494791666666,3129.270833333333,843.7269791666666
2024-10-22,0.019,,5.65,4.86,79.11,9.54,0.007,Upham North,27.6156,4.92145,-0.0018428244655489,59.38468914267085,803.9494791666666,3129.270833333333,843.7269791666666
2024-10-22,0.0155,,5.76,3.32,61.56,9.54,0.004,Upham North,17.9884,3.84385,-0.0018428244655489,29.38468914267085,803.9494791666666,3129.270833333333,843.7269791666666
2024-10-22,0.0216,,6.36,5.44,78.21,-1.0177960185796309,0.015,Upham West,1.499,1.4116,0.0028513120614165,129.55773130984508,803.9494791666666,3129.270833333333,843.7269791666666
2024-10-22,0.0344,,6.32,3.86,83.07,-1.0177960185796309,0.017,Upham West,1.3605,2.1145,0.0028513120614165,109.5577313098451,803.9494791666666,3129.270833333333,843.7269791666666
2024-10-22,0.0909,,6.1,3.68,84.88,-1.0177960185796309,0.073,Upham West,0.1316,6.7467,0.0028513120614165,89.5577313098451,803.9494791666666,3129.270833333333,843.7269791666666
2024-10-22,0.0398,,6.1,2.13,91.26,-1.0177960185796309,0.032,Upham West,0.1308,5.0181,0.0028513120614165,69.5577313098451,803.9494791666666,3129.270833333333,843.7269791666666
2024-10-22,0.054,,6.11,2.3,92.03,-1.0177960185796309,0.042,Upham West,0.1283,0.8067,0.0028513120614165,49.55773130984509,803.9494791666666,3129.270833333333,843.7269791666666
2024-10-22,0.0168,,6.34,4.61,75.95,0.5801520148779957,0.011,Upham West,1.199,2.8285,0.0028513120614165,120.51335616013122,803.9494791666666,3129.270833333333,843.7269791666666
2024-10-22,0.0314,,6.17,2.27,80.77,0.5801520148779957,0.025,Upham West,1.0822,4.5907,0.0028513120614165,100.51335616013122,803.9494791666666,3129.270833333333,843.7269791666666
2024-10-22,0.0227,,6.01,2.62,80.9,0.5801520148779957,0.017,Upham West,1.5329,7.4029,0.0028513120614165,80.51335616013122,803.9494791666666,3129.270833333333,843.7269791666666
2024-10-22,0.2715,,5.93,2.26,78.45,0.5801520148779957,0.181,Upham West,0.1327,9.8876,0.0028513120614165,60.51335616013122,803.9494791666666,3129.270833333333,843.7269791666666
2024-10-22,0.1566,,6.4,6.36,116.6,0.5801520148779957,0.107,Upham West,0.1369,9.0783,0.0028513120614165,40.51335616013122,803.9494791666666,3129.270833333333,843.7269791666666
2024-10-22,0.0171,,6.26,4.49,93.63,1.1453617495144242,0.015,Upham West,1.1787,4.5828,0.0028513120614165,101.97451509330963,803.9494791666666,3129.270833333333,843.7269791666666
2024-10-22,0.0311,,6.05,3.09,88.52,1.1453617495144242,0.022,Upham West,0.5325,8.0402,0.0028513120614165,61.974515093309634,803.9494791666666,3129.270833333333,843.7269791666666
2024-10-22,0.0699,,4.93,3.21,104.4,1.1453617495144242,0.05,Upham West,0.1353,9.64,0.0028513120614165,21.974515093309638,803.9494791666666,3129.270833333333,843.7269791666666
2024-10-22,0.0307,,5.99,3.6,80.42,2.762175040294632,0.017,Upham West,3.0362,7.1266,0.0028513120614165,64.73551901707832,803.9494791666666,3129.270833333333,843.7269791666666
2024-10-22,0.0251,,5.75,2.64,69.44,2.762175040294632,0.014,Upham West,0.6154,9.502,0.0028513120614165,34.73551901707832,803.9494791666666,3129.270833333333,843.7269791666666
2024-10-22,0.0819,,5.85,2.35,82.23,2.762175040294632,0.057,Upham West,0.1603,11.2147,0.0028513120614165,4.7355190170783175,803.9494791666666,3129.270833333333,843.7269791666666
2024-10-22,0.0153,,6.4,5.84,64.67,15.2454964021004,0.007,Upham West,0.7657,5.1074,0.0028513120614165,68.69490349367933,803.9494791666666,3129.270833333333,843.7269791666666
2024-10-22,0.0471,,5.82,2.39,57.6,15.2454964021004,0.015,Upham West,0.1284,0.657,0.0028513120614165,28.69490349367933,803.9494791666666,3129.270833333333,843.7269791666666
2024-11-18,,,5.99,2.28,82.54,-0.5199999999999996,0.023,Upham North,0.16385,11.33515,-0.0001647497620292,138.27005159115694,804.7552083333334,5145.3125,844.3928124999999
2024-11-18,,,6.01,1.47,102.9,-0.5199999999999996,0.081,Upham North,0.1761,10.7368,-0.0001647497620292,118.27005159115691,804.7552083333334,5145.3125,844.3928124999999
2024-11-18,,,6.11,1.24,137.5,-0.5199999999999996,0.115,Upham North,0.1536,11.25685,-0.0001647497620292,98.27005159115691,804.7552083333334,5145.3125,844.3928124999999
2024-11-18,,,6.12,1.8,177.2,1.5900000000000003,0.254,Upham North,0.1557,16.5751,-0.0001647497620292,129.93528939136874,804.7552083333334,5145.3125,844.3928124999999
2024-11-18,,,6.16,1.37,230.5,1.5900000000000003,0.225,Upham North,0.1904,0.4618,-0.0001647497620292,89.93528939136874,804.7552083333334,5145.3125,844.3928124999999
2024-11-18,,,6.13,1.49,138.8,1.5900000000000003,0.161,Upham North,0.1599,3.7658,-0.0001647497620292,49.93528939136874,804.7552083333334,5145.3125,844.3928124999999
2024-11-18,,,5.71,3.0,50.02,5.251,0.007,Upham North,3.9661,6.0026,-0.0001647497620292,101.97497450348982,804.7552083333334,5145.3125,844.3928124999999
2024-11-18,,,5.9,4.59,82.79,9.54,0.003,Upham North,24.5948,5.0332,-0.0001647497620292,97.90431333055544,804.7552083333334,5145.3125,844.3928124999999
2024-11-18,,,5.8,5.1,80.91,9.54,0.004,Upham North,24.2312,4.8072,-0.0001647497620292,67.90431333055544,804.7552083333334,5145.3125,844.3928124999999
2024-11-18,,,5.85,5.83,72.22,9.54,0.003,Upham North,20.3348,4.1716,-0.0001647497620292,37.90431333055544,804.7552083333334,5145.3125,844.3928124999999
2024-11-18,,,5.92,3.58,51.15,9.54,0.01,Upham North,6.3602,3.6555,-0.0001647497620292,7.904313330555439,804.7552083333334,5145.3125,844.3928124999999
2024-11-18,,,6.46,5.68,78.9,-1.0177960185796309,0.014,Upham West,1.2694,1.5797,0.0020034982765378,136.89312586829158,804.7552083333334,5145.3125,844.3928124999999
2024-11-18,,,6.34,2.57,84.28,-1.0177960185796309,0.017,Upham West,0.7995,2.5303,0.0020034982765378,116.89312586829156,804.7552083333334,5145.3125,844.3928124999999
2024-11-18,,,6.12,4.33,83.11,-1.0177960185796309,0.071,Upham West,0.2439,4.5378,0.0020034982765378,96.89312586829156,804.7552083333334,5145.3125,844.3928124999999
2024-11-18,,,6.19,1.41,90.35,-1.0177960185796309,0.037,Upham West,0.2699,3.8367,0.0020034982765378,76.89312586829156,804.7552083333334,5145.3125,844.3928124999999
2024-11-18,,,6.21,2.07,90.76,-1.0177960185796309,0.044,Upham West,0.2249,0.8505,0.0020034982765378,56.89312586829157,804.7552083333334,5145.3125,844.3928124999999
2024-11-18,,,6.37,3.44,81.93,0.5801520148779957,0.013,Upham West,1.1165,1.6793,0.0020034982765378,127.7132744815032,804.7552083333334,5145.3125,844.3928124999999
2024-11-18,,,6.26,2.51,85.17,0.5801520148779957,0.021,Upham West,0.4769,4.6526,0.0020034982765378,107.7132744815032,804.7552083333334,5145.3125,844.3928124999999
2024-11-18,,,6.07,2.64,72.9,0.5801520148779957,0.014,Upham West,0.2333,7.9871,0.0020034982765378,87.71327448150319,804.7552083333334,5145.3125,844.3928124999999
2024-11-18,,,6.02,3.22,75.64,0.5801520148779957,0.095,Upham West,0.2331,7.5753,0.0020034982765378,67.71327448150319,804.7552083333334,5145.3125,844.3928124999999
2024-11-18,,,6.3,5.14,101.7,0.5801520148779957,0.174,Upham West,0.2406,2.1391,0.0020034982765378,47.7132744815032,804.7552083333334,5145.3125,844.3928124999999
2024-11-18,,,6.44,5.07,70.29,1.1453617495144242,0.014,Upham West,0.5749,3.3609,0.0020034982765378,109.12651415429836,804.7552083333334,5145.3125,844.3928124999999
2024-11-18,,,6.18,5.31,77.19,1.1453617495144242,0.018,Upham West,0.2724,7.3958,0.0020034982765378,69.12651415429836,804.7552083333334,5145.3125,844.3928124999999
2024-11-18,,,6.06,5.07,76.13,1.1453617495144242,0.055,Upham West,0.2627,9.2439,0.0020034982765378,29.126514154298363,804.7552083333334,5145.3125,844.3928124999999
2024-11-18,,,6.16,6.41,61.86,2.762175040294632,0.015,Upham West,0.3117,5.9821,0.0020034982765378,71.75044241849857,804.7552083333334,5145.3125,844.3928124999999
2024-11-18,,,5.99,3.54,70.04,2.762175040294632,0.061,Upham West,0.2958,8.4984,0.0020034982765378,11.750442418498563,804.7552083333334,5145.3125,844.3928124999999
2024-11-18,,,6.35,8.98,86.55,15.2454964021004,0.009,Upham West,0.5416,2.2895,0.0020034982765378,74.65147370192216,804.7552083333334,5145.3125,844.3928124999999
2024-11-18,,,5.83,1.72,50.77,15.2454964021004,0.014,Upham West,0.1581,4.2276,0.0020034982765378,34.65147370192216,804.7552083333334,5145.3125,844.3928124999999
2024-11-18,,,6.51,5.69,63.76,15.2454964021004,0.007,Upham West,0.7665,0.851,0.0020034982765378,-5.348526298077843,804.7552083333334,5145.3125,844.3928124999999
2025-03-26,,,6.25,8.26,52.92,-0.5199999999999996,0.107,Upham North,5.5776,10.2528,0.0011116826307199,136.24712265916526,805.2339583333334,6090.729166666667,844.1701041666666
2025-03-26,,,6.22,2.01,58.47,-0.5199999999999996,0.12,Upham North,2.6212,10.3068,0.0011116826307199,116.24712265916526,805.2339583333334,6090.729166666667,844.1701041666666
2025-03-26,,,6.26,1.98,80.87,-0.5199999999999996,0.174,Upham North,2.6261,9.1919,0.0011116826307199,96.24712265916526,805.2339583333334,6090.729166666667,844.1701041666666
2025-03-26,,,6.39,4.16,176.8,-0.5199999999999996,0.236,Upham North,0.2503,5.3073,0.0011116826307199,56.24712265916526,805.2339583333334,6090.729166666667,844.1701041666666
2025-03-26,,,5.65,1.87,46.35,5.251,0.01,Upham North,0.8769,3.7311,0.0011116826307199,10.688674705353748,805.2339583333334,6090.729166666667,844.1701041666666
2025-03-26,,,6.09,4.87,60.13,9.54,0.005,Upham North,6.1195,12.9943,0.0011116826307199,97.1654753856695,805.2339583333334,6090.729166666667,844.1701041666666
2025-03-26,,,5.75,7.29,54.84,9.54,0.008,Upham North,8.6794,10.6362,0.0011116826307199,67.1654753856695,805.2339583333334,6090.729166666667,844.1701041666666
2025-03-26,,,5.84,7.4,48.79,9.54,0.005,Upham North,12.2884,5.8349,0.0011116826307199,37.165475385669495,805.2339583333334,6090.729166666667,844.1701041666666
2025-03-26,,,5.9,5.2,45.94,9.54,0.006,Upham North,9.879733333,4.2791,0.0011116826307199,7.165475385669495,805.2339583333334,6090.729166666667,844.1701041666666
2025-03-26,0.0217,,6.34,2.79,99.09,-1.0177960185796309,0.012,Upham West,2.5711,1.1269,0.0035821846880356,134.25308119029964,805.2339583333334,6090.729166666667,844.1701041666666
2025-03-26,0.0214,,6.26,2.32,93.8,-1.0177960185796309,0.016,Upham West,1.4741,1.8554,0.0035821846880356,114.25308119029964,805.2339583333334,6090.729166666667,844.1701041666666
2025-03-26,0.0142,,6.25,4.83,67.36,0.5801520148779957,0.012,Upham West,1.7367,0.6419,0.0035821846880356,125.32549568826684,805.2339583333334,6090.729166666667,844.1701041666666
2025-03-26,0.0178,,6.03,1.65,67.51,0.5801520148779957,0.012,Upham West,2.279,0.798,0.0035821846880356,105.32549568826684,805.2339583333334,6090.729166666667,844.1701041666666
2025-03-26,0.0683,,5.76,1.8,246.4,0.5801520148779957,0.043,Upham West,0.2522,74.4969,0.0035821846880356,45.325495688266834,805.2339583333334,6090.729166666667,844.1701041666666
2025-03-26,0.0265,,6.16,1.42,92.9,1.1453617495144242,0.017,Upham West,0.3642,2.4705,0.0035821846880356,106.8279642537332,805.2339583333334,6090.729166666667,844.1701041666666
2025-03-26,0.0444,,5.87,1.94,62.42,2.762175040294632,0.017,Upham West,0.4033,0.9301,0.0035821846880356,69.70713663517645,805.2339583333334,6090.729166666667,844.1701041666666
2025-03-26,0.0184,,6.27,6.38,80.88,15.2454964021004,0.009,Upham West,0.4093,8.8064,0.0035821846880356,74.578892899055,805.2339583333334,6090.729166666667,844.1701041666666
2025-03-26,0.0168,,6.3,4.32,79.66,15.2454964021004,0.009,Upham West,1.4483,0.9612,0.0035821846880356,-5.421107100944994,805.2339583333334,6090.729166666667,844.1701041666666
2025-05-08,0.0191,,5.93,3.29,52.48,-0.5199999999999996,0.004,Upham North,8.5516,7.54415,0.0004894694538641,166.43971486819967,807.5548958333334,11993.75,846.6687499999999
2025-05-08,0.1869,,6.15,1.86,47.29,-0.5199999999999996,0.124,Upham North,0.01445,8.3507,0.0004894694538641,146.43971486819967,807.5548958333334,11993.75,846.6687499999999
2025-05-08,0.1854,,6.3,2.77,53.01,-0.5199999999999996,0.119,Upham North,0.0145,8.9414,0.0004894694538641,126.43971486819969,807.5548958333334,11993.75,846.6687499999999
2025-05-08,0.4506,,6.71,5.25,83.1,-0.5199999999999996,0.267,Upham North,0.0275,4.9694,0.0004894694538641,86.43971486819967,807.5548958333334,11993.75,846.6687499999999
2025-05-08,0.1567,,6.19,1.04,125.8,1.5900000000000003,0.242,Upham North,0.0179,6.0232,0.0004894694538641,118.24299292296504,807.5548958333334,11993.75,846.6687499999999
2025-05-08,0.164,,6.09,1.22,89.77,1.5900000000000003,0.093,Upham North,0.0181,5.4295,0.0004894694538641,78.24299292296503,807.5548958333334,11993.75,846.6687499999999
2025-05-08,0.0115,,5.68,1.05,78.54,5.251,0.009,Upham North,0.7807,20.6684,0.0004894694538641,130.5221876900247,807.5548958333334,11993.75,846.6687499999999
2025-05-08,0.1003,,5.61,2.26,76.34,5.251,0.047,Upham North,0.0149,4.2759,0.0004894694538641,40.5221876900247,807.5548958333334,11993.75,846.6687499999999
2025-05-08,0.1223,,5.88,1.8,118.2,5.251,0.013,Upham North,0.0211,0.6536,0.0004894694538641,10.5221876900247,807.5548958333334,11993.75,846.6687499999999
2025-05-08,0.0095,,5.73,5.9,46.37,9.54,0.005,Upham North,9.53,11.4007,0.0004894694538641,126.73212113878702,807.5548958333334,11993.75,846.6687499999999
2025-05-08,0.0182,,5.74,7.3,39.52,9.54,0.006,Upham North,10.3586,7.9306,0.0004894694538641,96.73212113878702,807.5548958333334,11993.75,846.6687499999999
2025-05-08,0.0104,,5.73,5.94,49.35,9.54,0.006,Upham North,9.0619,6.5885,0.0004894694538641,66.73212113878702,807.5548958333334,11993.75,846.6687499999999
2025-05-08,0.0243,,5.63,4.61,84.59,9.54,0.009,Upham North,2.7605,14.5814,0.0004894694538641,36.73212113878702,807.5548958333334,11993.75,846.6687499999999
2025-05-08,0.0588,,5.06,2.08,88.62,9.54,0.012,Upham North,0.036,22.3017,0.0004894694538641,6.732121138787022,807.5548958333334,11993.75,846.6687499999999
2025-05-08,0.0178,,6.51,4.55,49.59,-1.0177960185796309,0.008,Upham West,1.557,0.7225,0.0031770252370536,161.28033260998703,807.5548958333334,11993.75,846.6687499999999
2025-05-08,0.0439,,6.45,2.32,46.94,-1.0177960185796309,0.023,Upham West,0.1868,3.1699,0.0031770252370536,121.28033260998704,807.5548958333334,11993.75,846.6687499999999
2025-05-08,0.012,,6.53,4.34,47.16,0.5801520148779957,0.012,Upham West,1.6108,0.3805,0.0031770252370536,152.2880047331389,807.5548958333334,11993.75,846.6687499999999
2025-05-08,0.0135,,6.27,2.9,43.74,0.5801520148779957,0.011,Upham West,2.3783,0.8353,0.0031770252370536,132.2880047331389,807.5548958333334,11993.75,846.6687499999999
2025-05-08,0.0086,,6.1,2.24,51.0,0.5801520148779957,0.008,Upham West,3.7571,5.2647,0.0031770252370536,112.28800473313888,807.5548958333334,11993.75,846.6687499999999
2025-05-08,0.0582,,6.06,4.55,41.09,0.5801520148779957,0.035,Upham West,1.6804,3.3402,0.0031770252370536,92.28800473313888,807.5548958333334,11993.75,846.6687499999999
2025-05-08,0.0171,,6.33,4.66,64.14,1.1453617495144242,0.011,Upham West,3.8293,3.2879,0.0031770252370536,133.76757329205353,807.5548958333334,11993.75,846.6687499999999
2025-05-08,0.0185,,6.2,2.63,62.21,1.1453617495144242,0.01,Upham West,2.3501,5.9703,0.0031770252370536,93.76757329205353,807.5548958333334,11993.75,846.6687499999999
2025-05-08,0.0286,,5.88,2.06,51.4,1.1453617495144242,0.015,Upham West,0.1362,9.7979,0.0031770252370536,53.76757329205353,807.5548958333334,11993.75,846.6687499999999
2025-05-08,0.052,,5.73,3.61,73.5,1.1453617495144242,0.034,Upham West,0.0249,18.1918,0.0031770252370536,13.767573292053529,807.5548958333334,11993.75,846.6687499999999
2025-05-08,0.0164,,6.45,4.54,59.44,2.762175040294632,0.014,Upham West,7.7245,7.5194,0.0031770252370536,96.58123895496462,807.5548958333334,11993.75,846.6687499999999
2025-05-08,0.0136,,5.85,2.88,48.28,2.762175040294632,0.01,Upham West,1.0491,10.3426,0.0031770252370536,66.58123895496462,807.5548958333334,11993.75,846.6687499999999
2025-05-08,0.0259,,5.89,3.14,70.32,2.762175040294632,0.015,Upham West,0.1353,22.1919,0.0031770252370536,36.58123895496462,807.5548958333334,11993.75,846.6687499999999
2025-05-08,0.02,,5.54,4.24,77.51,2.762175040294632,0.012,Upham West,0.2684,28.8812,0.0031770252370536,6.581238954964618,807.5548958333334,11993.75,846.6687499999999
2025-05-08,0.0136,,6.35,6.35,70.6,15.2454964021004,0.006,Upham West,3.9412,5.7387,0.0031770252370536,100.94722165589717,807.5548958333334,11993.75,846.6687499999999
2025-05-08,0.0147,,6.0,6.45,38.51,15.2454964021004,0.009,Upham West,0.1785,10.5393,0.0031770252370536,60.94722165589715,807.5548958333334,11993.75,846.6687499999999
2025-05-08,0.0211,,6.45,4.95,60.69,15.2454964021004,0.005,Upham West,1.9201,1.3303,0.0031770252370536,20.947221655897152,807.5548958333334,11993.75,846.6687499999999
2025-06-03,,,5.86,3.43,68.78,-0.5199999999999996,0.01,Upham North,4.24335,8.8223,0.0012938790277711,134.67012199313925,805.183125,5965.104166666667,844.6995833333334
2025-06-03,,,6.06,1.79,77.14,-0.5199999999999996,0.137,Upham North,0.0161,12.8477,0.0012938790277711,114.67012199313926,805.183125,5965.104166666667,844.6995833333334
2025-06-03,,,6.52,2.36,76.05,-0.5199999999999996,0.355,Upham North,0.0159,1.5675,0.0012938790277711,54.67012199313926,805.183125,5965.104166666667,844.6995833333334
2025-06-03,,,6.19,1.12,47.52,1.5900000000000003,0.372,Upham North,0.0024,5.8158,0.0012938790277711,126.643130467999,805.183125,5965.104166666667,844.6995833333334
2025-06-03,,,6.12,2.81,143.0,1.5900000000000003,0.278,Upham North,0.0042,5.8033,0.0012938790277711,106.643130467999,805.183125,5965.104166666667,844.6995833333334
2025-06-03,,,6.2,1.11,162.7,1.5900000000000003,0.204,Upham North,0.0174,2.9071,0.0012938790277711,86.643130467999,805.183125,5965.104166666667,844.6995833333334
2025-06-03,0.0141,,5.73,1.67,39.58,5.251,0.01,Upham North,0.5367,5.51,0.0012938790277711,99.21681958006604,805.183125,5965.104166666667,844.6995833333334
2025-06-03,0.0785,,5.73,3.18,55.38,5.251,0.037,Upham North,0.0027,7.6269,0.0012938790277711,69.21681958006604,805.183125,5965.104166666667,844.6995833333334
2025-06-03,,,6.32,1.93,112.8,5.251,0.062,Upham North,0.014,0.2345,0.0012938790277711,39.21681958006605,805.183125,5965.104166666667,844.6995833333334
2025-06-03,0.03,,5.62,2.36,69.37,5.251,0.01,Upham North,0.0061,3.7675,0.0012938790277711,9.216819580066044,805.183125,5965.104166666667,844.6995833333334
2025-06-03,0.0085,,5.74,5.33,44.63,9.54,0.007,Upham North,8.2045,10.2061,0.0012938790277711,95.77176429507712,805.183125,5965.104166666667,844.6995833333334
2025-06-03,0.0209,,5.84,4.86,35.46,9.54,0.007,Upham North,8.6572,5.8449,0.0012938790277711,65.77176429507713,805.183125,5965.104166666667,844.6995833333334
2025-06-03,0.0309,,5.84,5.22,30.79,9.54,0.007,Upham North,5.1499,4.9521,0.0012938790277711,35.77176429507713,805.183125,5965.104166666667,844.6995833333334
2025-06-03,0.091,,5.72,3.53,57.4,9.54,0.011,Upham North,4.5524,6.8119,0.0012938790277711,5.7717642950771335,805.183125,5965.104166666667,844.6995833333334
2025-06-03,,,6.65,4.77,72.51,-1.0177960185796309,0.013,Upham West,1.2688,0.9668,0.0043215536207786,132.86753946875868,805.183125,5965.104166666667,844.6995833333334
2025-06-03,,,6.49,3.75,76.81,-1.0177960185796309,0.017,Upham West,1.1778,1.4601,0.0043215536207786,112.86753946875868,805.183125,5965.104166666667,844.6995833333334
2025-06-03,0.0454,,6.31,1.58,70.27,-1.0177960185796309,0.029,Upham West,0.1976,1.5319,0.0043215536207786,92.86753946875868,805.183125,5965.104166666667,844.6995833333334
2025-06-03,0.0369,,6.31,1.3,67.34,-1.0177960185796309,0.031,Upham West,0.0104,1.7877,0.0043215536207786,72.86753946875868,805.183125,5965.104166666667,844.6995833333334
2025-06-03,0.0525,,6.35,3.28,70.23,-1.0177960185796309,0.042,Upham West,0.002,0.1192,0.0043215536207786,52.86753946875867,805.183125,5965.104166666667,844.6995833333334
2025-06-03,0.0162,,6.57,4.68,79.73,0.5801520148779957,0.013,Upham West,2.8154,1.1,0.0043215536207786,124.05810127997358,805.183125,5965.104166666667,844.6995833333334
2025-06-03,0.0714,,6.05,0.65,71.15,0.5801520148779957,0.05,Upham West,0.0056,4.6365,0.0043215536207786,104.05810127997358,805.183125,5965.104166666667,844.6995833333334
2025-06-03,0.0205,,6.1,1.65,52.73,0.5801520148779957,0.012,Upham West,0.936,6.65,0.0043215536207786,84.05810127997358,805.183125,5965.104166666667,844.6995833333334
2025-06-03,0.0161,,6.3,0.95,61.14,0.5801520148779957,0.012,Upham West,1.9352,5.80565,0.0043215536207786,64.05810127997358,805.183125,5965.104166666667,844.6995833333334
2025-06-03,0.2474,,6.21,1.58,76.52,0.5801520148779957,0.216,Upham West,0.0105,5.32065,0.0043215536207786,44.05810127997359,805.183125,5965.104166666667,844.6995833333334
2025-06-03,0.0163,,6.52,3.74,60.72,1.1453617495144242,0.016,Upham West,3.351,4.2938,0.0043215536207786,105.60235969722032,805.183125,5965.104166666667,844.6995833333334
2025-06-03,0.0182,,6.32,3.26,54.43,1.1453617495144242,0.016,Upham West,1.0095,5.7937,0.0043215536207786,65.60235969722031,805.183125,5965.104166666667,844.6995833333334
2025-06-03,0.0319,,6.08,3.33,52.35,1.1453617495144242,0.019,Upham West,0.1414,11.1864,0.0043215536207786,25.602359697220308,805.183125,5965.104166666667,844.6995833333334
2025-06-03,0.0294,,6.16,3.7,57.8,2.762175040294632,0.016,Upham West,6.7131,9.5498,0.0043215536207786,68.60107423040472,805.183125,5965.104166666667,844.6995833333334
2025-06-03,0.0572,,5.95,2.73,48.61,2.762175040294632,0.015,Upham West,1.2491,10.4678,0.0043215536207786,38.60107423040472,805.183125,5965.104166666667,844.6995833333334
2025-06-03,0.0383,,6.05,1.97,63.28,2.762175040294632,0.025,Upham West,0.0874,14.4145,0.0043215536207786,8.60107423040472,805.183125,5965.104166666667,844.6995833333334
2025-06-03,0.0165,,6.31,2.76,64.41,15.2454964021004,0.01,Upham West,4.1607,6.4293,0.0043215536207786,74.3958084935343,805.183125,5965.104166666667,844.6995833333334
2025-06-03,0.0151,,6.14,4.57,32.79,15.2454964021004,0.013,Upham West,0.0316,4.7272,0.0043215536207786,34.395808493534304,805.183125,5965.104166666667,844.6995833333334
2025-06-03,0.0156,,6.76,5.75,45.93,15.2454964021004,0.009,Upham West,1.0807,1.5113,0.0043215536207786,-5.604191506465696,805.183125,5965.104166666667,844.6995833333334
2025-06-24,0.0228,,5.72,2.46,60.96,-0.5199999999999996,0.007,Upham North,3.54225,8.22135,-5.798943252888951e-05,148.76027479062483,807.0701041666666,10689.791666666666,846.3501041666667
2025-06-24,0.1449,,5.9,1.59,74.65,-0.5199999999999996,0.116,Upham North,0.1946,13.6763,-5.798943252888951e-05,128.76027479062483,807.0701041666666,10689.791666666666,846.3501041666667
2025-06-24,0.1655,,6.03,0.83,69.75,-0.5199999999999996,0.156,Upham North,0.1903,8.031,-5.798943252888951e-05,108.76027479062483,807.0701041666666,10689.791666666666,846.3501041666667
2025-06-24,0.269,,6.17,1.77,69.36,-0.5199999999999996,0.239,Upham North,0.1893,5.0768,-5.798943252888951e-05,88.76027479062483,807.0701041666666,10689.791666666666,846.3501041666667
2025-06-24,0.4953,,6.44,2.27,62.42,-0.5199999999999996,0.182,Upham North,0.1945,1.7756,-5.798943252888951e-05,68.76027479062483,807.0701041666666,10689.791666666666,846.3501041666667
2025-06-24,0.3646,,6.07,1.49,78.34,1.5900000000000003,0.373,Upham North,0.187,4.9482,-5.798943252888951e-05,140.44803902036125,807.0701041666666,10689.791666666666,846.3501041666667
2025-06-24,0.2691,,6.02,2.16,179.4,1.5900000000000003,0.28,Upham North,0.2099,3.9937,-5.798943252888951e-05,120.44803902036124,807.0701041666666,10689.791666666666,846.3501041666667
2025-06-24,0.2362,,6.04,2.63,157.8,1.5900000000000003,0.234,Upham North,0.1878,0.6228,-5.798943252888951e-05,100.44803902036124,807.0701041666666,10689.791666666666,846.3501041666667
2025-06-24,0.5364,,6.02,1.91,163.8,1.5900000000000003,0.173,Upham North,0.187,3.696,-5.798943252888951e-05,80.44803902036125,807.0701041666666,10689.791666666666,846.3501041666667
2025-06-24,0.1507,,5.94,1.88,125.5,1.5900000000000003,0.155,Upham North,0.1876,4.4354,-5.798943252888951e-05,60.44803902036125,807.0701041666666,10689.791666666666,846.3501041666667
2025-06-24,0.0104,,5.57,1.92,54.66,5.251,0.007,Upham North,1.9605,5.6877,-5.798943252888951e-05,112.52680908911243,807.0701041666666,10689.791666666666,846.3501041666667
2025-06-24,0.0535,,5.62,1.46,98.69,5.251,0.039,Upham North,0.1936,10.3692,-5.798943252888951e-05,82.52680908911243,807.0701041666666,10689.791666666666,846.3501041666667
2025-06-24,0.2479,,5.96,1.31,121.0,5.251,0.285,Upham North,0.1875,0.4428,-5.798943252888951e-05,52.52680908911243,807.0701041666666,10689.791666666666,846.3501041666667
2025-06-24,0.0214,,5.48,1.6,52.48,5.251,0.011,Upham North,0.8246,5.5113,-5.798943252888951e-05,22.526809089112437,807.0701041666666,10689.791666666666,846.3501041666667
2025-06-24,0.0377,,5.97,6.05,45.12,5.251,0.01,Upham North,1.1074,4.9547,-5.798943252888951e-05,-7.473190910887567,807.0701041666666,10689.791666666666,846.3501041666667
2025-06-24,0.0127,,5.8,2.93,64.18,9.54,0.006,Upham North,8.1033,10.6005,-5.798943252888951e-05,108.50193742150076,807.0701041666666,10689.791666666666,846.3501041666667
2025-06-24,0.012,,5.65,6.21,58.13,9.54,0.006,Upham North,8.8118,9.5523,-5.798943252888951e-05,78.50193742150077,807.0701041666666,10689.791666666666,846.3501041666667
2025-06-24,0.0355,,5.81,4.71,48.38,9.54,0.006,Upham North,10.0633,5.7026,-5.798943252888951e-05,48.50193742150077,807.0701041666666,10689.791666666666,846.3501041666667
2025-06-24,0.0141,,5.76,1.98,48.5,9.54,0.009,Upham North,6.3527,5.4292,-5.798943252888951e-05,18.50193742150077,807.0701041666666,10689.791666666666,846.3501041666667
2025-06-24,0.01,,6.5,3.63,84.91,-1.0177960185796309,0.013,Upham West,2.1735,2.7916,0.0041863816383576,145.12210888551263,807.0701041666666,10689.791666666666,846.3501041666667
2025-06-24,0.0133,,6.4,3.98,93.87,-1.0177960185796309,0.019,Upham West,3.4876,4.6346,0.0041863816383576,125.12210888551265,807.0701041666666,10689.791666666666,846.3501041666667
2025-06-24,0.0344,,6.19,1.72,81.99,-1.0177960185796309,0.036,Upham West,0.3191,4.6807,0.0041863816383576,105.12210888551265,807.0701041666666,10689.791666666666,846.3501041666667
2025-06-24,0.0287,,6.2,2.67,75.37,-1.0177960185796309,0.031,Upham West,0.2024,1.6466,0.0041863816383576,85.12210888551265,807.0701041666666,10689.791666666666,846.3501041666667
2025-06-24,0.0405,,6.24,1.9,73.46,-1.0177960185796309,0.047,Upham West,0.2166,0.6089,0.0041863816383576,65.12210888551265,807.0701041666666,10689.791666666666,846.3501041666667
2025-06-24,0.0077,,6.49,4.18,71.29,0.5801520148779957,0.012,Upham West,1.3766,2.1751,0.0041863816383576,136.2910709163714,807.0701041666666,10689.791666666666,846.3501041666667
2025-06-24,0.0618,,5.95,1.24,71.79,0.5801520148779957,0.061,Upham West,0.1898,7.5375,0.0041863816383576,116.2910709163714,807.0701041666666,10689.791666666666,846.3501041666667
2025-06-24,0.0089,,6.12,2.78,80.03,0.5801520148779957,0.011,Upham West,5.5829,7.4614,0.0041863816383576,96.2910709163714,807.0701041666666,10689.791666666666,846.3501041666667
2025-06-24,0.0078,,6.3,2.03,79.93,0.5801520148779957,0.012,Upham West,3.1013,4.4556,0.0041863816383576,76.29107091637141,807.0701041666666,10689.791666666666,846.3501041666667
2025-06-24,0.3163,,6.34,1.44,50.36,0.5801520148779957,0.319,Upham West,0.2067,1.3653,0.0041863816383576,56.29107091637141,807.0701041666666,10689.791666666666,846.3501041666667
2025-06-24,0.0124,,6.46,4.0,84.75,1.1453617495144242,0.013,Upham West,3.4729,2.6593,0.0041863816383576,117.82768928159528,807.0701041666666,10689.791666666666,846.3501041666667
2025-06-24,0.0111,,6.27,3.34,77.42,1.1453617495144242,0.014,Upham West,1.1848,3.7192,0.0041863816383576,77.82768928159527,807.0701041666666,10689.791666666666,846.3501041666667
2025-06-24,0.0195,,5.99,2.91,65.76,1.1453617495144242,0.018,Upham West,0.3159,8.6482,0.0041863816383576,37.82768928159527,807.0701041666666,10689.791666666666,846.3501041666667
2025-06-24,0.0348,,5.91,1.62,77.68,1.1453617495144242,0.042,Upham West,0.1919,8.5153,0.0041863816383576,-2.172310718404731,807.0701041666666,10689.791666666666,846.3501041666667
2025-06-24,0.0164,,6.1,5.29,76.95,2.762175040294632,0.016,Upham West,5.0359,8.0217,0.0041863816383576,80.80454902900479,807.0701041666666,10689.791666666666,846.3501041666667
2025-06-24,0.0109,,5.89,2.44,73.57,2.762175040294632,0.014,Upham West,1.9439,9.8103,0.0041863816383576,50.80454902900479,807.0701041666666,10689.791666666666,846.3501041666667
2025-06-24,0.0274,,5.93,2.62,86.62,2.762175040294632,0.027,Upham West,0.5309,13.8067,0.0041863816383576,20.80454902900479,807.0701041666666,10689.791666666666,846.3501041666667
2025-06-24,0.0081,,6.19,5.47,51.36,15.2454964021004,0.008,Upham West,1.3775,1.6639,0.0041863816383576,86.43054376256441,807.0701041666666,10689.791666666666,846.3501041666667
2025-06-24,0.0078,,5.88,2.36,74.67,15.2454964021004,0.011,Upham West,1.3142,11.7926,0.0041863816383576,46.43054376256441,807.0701041666666,10689.791666666666,846.3501041666667
2025-06-24,0.0078,,6.47,4.81,61.78,15.2454964021004,0.008,Upham West,0.9999,1.0811,0.0041863816383576,6.430543762564412,807.0701041666666,10689.791666666666,846.3501041666667
2025-07-15,0.0276,,6.14,1.36,74.5,-0.5199999999999996,0.008,Upham North,0.7313,11.6496,-0.0002719814220971,144.9316635852385,806.2460416666667,8571.875,845.3353124999999
2025-07-15,0.2435,,6.11,1.86,103.3,-0.5199999999999996,0.226,Upham North,0.0176,1.9931,-0.0002719814220971,84.9316635852385,806.2460416666667,8571.875,845.3353124999999
2025-07-15,0.3753,,6.23,1.53,127.2,-0.5199999999999996,0.141,Upham North,0.002,0.0411,-0.0002719814220971,64.9316635852385,806.2460416666667,8571.875,845.3353124999999
2025-07-15,0.3993,,6.09,1.38,133.9,1.5900000000000003,0.222,Upham North,0.0076,1.2331,-0.0002719814220971,96.574275505176,806.2460416666667,8571.875,845.3353124999999
2025-07-15,0.3633,,6.1,2.09,147.7,1.5900000000000003,0.224,Upham North,0.0057,2.0643,-0.0002719814220971,76.57427550517599,806.2460416666667,8571.875,845.3353124999999
2025-07-15,0.2637,,6.04,3.42,124.7,1.5900000000000003,0.138,Upham North,0.003,0.3656,-0.0002719814220971,56.57427550517599,806.2460416666667,8571.875,845.3353124999999
2025-07-15,0.019,,5.68,2.31,63.26,5.251,0.006,Upham North,0.2549,5.2695,-0.0002719814220971,108.57470310654618,806.2460416666667,8571.875,845.3353124999999
2025-07-15,0.9848,,5.67,3.43,85.95,5.251,0.042,Upham North,0.0029,3.9638,-0.0002719814220971,78.57470310654618,806.2460416666667,8571.875,845.3353124999999
2025-07-15,0.1374,,5.63,2.06,74.37,5.251,0.037,Upham North,0.0024,3.6686,-0.0002719814220971,18.57470310654618,806.2460416666667,8571.875,845.3353124999999
2025-07-15,0.033,,5.98,3.24,61.51,9.54,0.0,Upham North,5.0591,11.058,-0.0002719814220971,104.45805027460864,806.2460416666667,8571.875,845.3353124999999
2025-07-15,0.0296,,5.71,4.43,57.27,9.54,0.0,Upham North,8.2498,9.3204,-0.0002719814220971,74.45805027460865,806.2460416666667,8571.875,845.3353124999999
2025-07-15,0.0098,,5.73,3.7,52.01,9.54,0.0,Upham North,8.3652,6.978,-0.0002719814220971,44.45805027460865,806.2460416666667,8571.875,845.3353124999999
2025-07-15,0.0308,,5.79,2.26,53.2,9.54,0.002,Upham North,6.0204,5.2442,-0.0002719814220971,14.458050274608652,806.2460416666667,8571.875,845.3353124999999
2025-07-15,0.0286,,6.49,4.34,84.91,-1.0177960185796309,0.007,Upham West,2.2392,1.482,0.0040119753862223,141.39543545746378,806.2460416666667,8571.875,845.3353124999999
2025-07-15,0.0254,,6.39,3.51,91.87,-1.0177960185796309,0.011,Upham West,2.2249,3.4622,0.0040119753862223,121.39543545746378,806.2460416666667,8571.875,845.3353124999999
2025-07-15,0.0668,,6.16,1.78,86.83,-1.0177960185796309,0.036,Upham West,0.5951,6.1045,0.0040119753862223,101.39543545746378,806.2460416666667,8571.875,845.3353124999999
2025-07-15,0.047,,6.18,1.84,85.21,-1.0177960185796309,0.023,Upham West,0.0048,2.9477,0.0040119753862223,81.39543545746378,806.2460416666667,8571.875,845.3353124999999
2025-07-15,0.0681,,6.25,0.94,81.44,-1.0177960185796309,0.037,Upham West,0.0062,0.1341,0.0040119753862223,61.39543545746377,806.2460416666667,8571.875,845.3353124999999
2025-07-15,0.0185,,6.43,3.4,73.56,0.5801520148779957,0.008,Upham West,2.9913,1.1102,0.0040119753862223,132.53652827555084,806.2460416666667,8571.875,845.3353124999999
2025-07-15,0.0986,,5.96,1.32,69.72,0.5801520148779957,0.051,Upham West,0.0066,7.7827,0.0040119753862223,112.53652827555084,806.2460416666667,8571.875,845.3353124999999
2025-07-15,0.0349,,6.02,1.81,82.26,0.5801520148779957,0.004,Upham West,7.1154,7.1963,0.0040119753862223,92.53652827555084,806.2460416666667,8571.875,845.3353124999999
2025-07-15,0.0193,,6.25,1.79,80.24,0.5801520148779957,0.007,Upham West,6.1895,3.1747,0.0040119753862223,72.53652827555084,806.2460416666667,8571.875,845.3353124999999
2025-07-15,0.2927,,6.22,0.98,127.0,0.5801520148779957,0.196,Upham West,0.0024,2.9815,0.0040119753862223,52.53652827555083,806.2460416666667,8571.875,845.3353124999999
2025-07-15,0.0223,,6.36,3.87,85.31,1.1453617495144242,0.01,Upham West,2.4458,2.8091,0.0040119753862223,114.06328902963696,806.2460416666667,8571.875,845.3353124999999
2025-07-15,0.0187,,6.2,3.7,75.98,1.1453617495144242,0.008,Upham West,1.1137,4.3712,0.0040119753862223,74.06328902963696,806.2460416666667,8571.875,845.3353124999999
2025-07-15,0.0376,,5.98,2.16,70.65,1.1453617495144242,0.014,Upham West,0.1664,8.4552,0.0040119753862223,34.06328902963696,806.2460416666667,8571.875,845.3353124999999
2025-07-15,0.0624,,5.96,1.51,87.77,1.1453617495144242,0.032,Upham West,0.0072,9.1978,0.0040119753862223,-5.936710970363038,806.2460416666667,8571.875,845.3353124999999
2025-07-15,0.0234,,6.04,2.58,82.35,2.762175040294632,0.011,Upham West,3.2386,7.4767,0.0040119753862223,77.01195054239787,806.2460416666667,8571.875,845.3353124999999
2025-07-15,0.0184,,5.82,2.37,67.0,2.762175040294632,0.008,Upham West,0.5327,10.3619,0.0040119753862223,47.01195054239787,806.2460416666667,8571.875,845.3353124999999
2025-07-15,0.0685,,5.87,1.93,82.13,2.762175040294632,0.032,Upham West,0.4346,11.0746,0.0040119753862223,17.01195054239787,806.2460416666667,8571.875,845.3353124999999
2025-07-15,0.0154,,6.01,2.43,73.66,15.2454964021004,0.004,Upham West,0.5928,5.4334,0.0040119753862223,82.42022834666264,806.2460416666667,8571.875,845.3353124999999
2025-07-15,0.0195,,5.81,3.26,72.68,15.2454964021004,0.006,Upham West,0.0651,12.5129,0.0040119753862223,42.42022834666264,806.2460416666667,8571.875,845.3353124999999
2025-07-15,0.0222,,6.55,3.19,74.57,15.2454964021004,0.003,Upham West,1.6484,0.7025,0.0040119753862223,2.42022834666264,806.2460416666667,8571.875,845.3353124999999
2025-08-19,0.0114,,6.43,4.45,77.39,-1.0177960185796309,0.012,Upham West,1.3476,1.1912,0.0037360731210946,145.73955044100194,806.8990625,10243.958333333334,846.4588541666666
2025-08-19,0.0181,,6.34,3.63,83.02,-1.0177960185796309,0.017,Upham West,1.5223,2.7662,0.0037360731210946,125.73955044100197,806.8990625,10243.958333333334,846.4588541666666
2025-08-19,0.0836,,6.07,1.46,86.44,-1.0177960185796309,0.074,Upham West,0.3237,7.4806,0.0037360731210946,105.73955044100197,806.8990625,10243.958333333334,846.4588541666666
2025-08-19,0.0369,,6.1,2.13,87.21,-1.0177960185796309,0.039,Upham West,0.1135,2.3658,0.0037360731210946,85.73955044100195,806.8990625,10243.958333333334,846.4588541666666
2025-08-19,0.0586,,6.13,1.8,94.73,-1.0177960185796309,0.054,Upham West,0.002,0.0768,0.0037360731210946,65.73955044100195,806.8990625,10243.958333333334,846.4588541666666
2025-08-19,0.0101,,6.41,4.48,96.51,0.5801520148779957,0.012,Upham West,3.361,3.4074,0.0037360731210946,136.83655551087531,806.8990625,10243.958333333334,846.4588541666666
2025-08-19,0.1351,,5.97,2.0,72.15,0.5801520148779957,0.119,Upham West,0.1094,7.9895,0.0037360731210946,116.83655551087531,806.8990625,10243.958333333334,846.4588541666666
2025-08-19,0.0151,,6.05,3.33,88.03,0.5801520148779957,0.009,Upham West,4.965,8.5774,0.0037360731210946,96.83655551087531,806.8990625,10243.958333333334,846.4588541666666
2025-08-19,0.0175,,6.18,1.95,101.7,0.5801520148779957,0.017,Upham West,6.5856,7.3074,0.0037360731210946,76.83655551087531,806.8990625,10243.958333333334,846.4588541666666
2025-08-19,0.2606,,6.27,3.12,42.37,0.5801520148779957,0.178,Upham West,0.008,0.543,0.0037360731210946,56.836555510875314,806.8990625,10243.958333333334,846.4588541666666
2025-08-19,0.0175,,6.29,3.76,100.8,1.1453617495144242,0.017,Upham West,2.8554,5.7792,0.0037360731210946,118.34772200037315,806.8990625,10243.958333333334,846.4588541666666
2025-08-19,0.0462,,6.17,4.67,84.37,1.1453617495144242,0.015,Upham West,0.6161,6.6314,0.0037360731210946,78.34772200037315,806.8990625,10243.958333333334,846.4588541666666
2025-08-19,0.0241,,5.95,2.02,67.0,1.1453617495144242,0.022,Upham West,0.2253,9.2021,0.0037360731210946,38.34772200037315,806.8990625,10243.958333333334,846.4588541666666
2025-08-19,0.0223,,5.65,3.3,77.07,1.1453617495144242,0.019,Upham West,0.1443,13.6211,0.0037360731210946,-1.6522779996268468,806.8990625,10243.958333333334,846.4588541666666
2025-08-19,0.0181,,6.04,3.94,97.51,2.762175040294632,0.012,Upham West,9.0134,8.5267,0.0037360731210946,81.25177526820653,806.8990625,10243.958333333334,846.4588541666666
2025-08-19,0.0159,,5.8,4.52,69.86,2.762175040294632,0.012,Upham West,1.7474,12.1375,0.0037360731210946,51.25177526820653,806.8990625,10243.958333333334,846.4588541666666
2025-08-19,0.0471,,5.91,3.51,86.88,2.762175040294632,0.041,Upham West,0.1886,14.996,0.0037360731210946,21.25177526820653,806.8990625,10243.958333333334,846.4588541666666
2025-08-19,0.019,,5.58,3.29,68.95,15.2454964021004,0.008,Upham West,0.0712,13.0393,0.0037360731210946,126.315635408462,806.8990625,10243.958333333334,846.4588541666666
2025-08-19,0.0138,,6.23,5.52,71.0,15.2454964021004,0.008,Upham West,1.5638,1.5413,0.0037360731210946,86.31563540846199,806.8990625,10243.958333333334,846.4588541666666
2025-08-19,0.0154,,5.86,3.6,58.9,15.2454964021004,0.015,Upham West,0.0042,5.2856,0.0037360731210946,46.31563540846199,806.8990625,10243.958333333334,846.4588541666666
2025-08-19,0.0192,,6.38,5.59,70.69,15.2454964021004,0.011,Upham West,0.9149,0.9814,0.0037360731210946,6.315635408461986,806.8990625,10243.958333333334,846.4588541666666
2025-08-19,0.0328,,5.9,1.51,64.85,-0.5199999999999996,0.021,Upham North,0.0232,13.1172,-0.0025543898778672,151.60808361210036,806.8990625,10243.958333333334,846.4588541666666
2025-08-19,0.1983,,6.05,2.34,121.4,-0.5199999999999996,0.178,Upham North,0.0072,3.3932,-0.0025543898778672,131.60808361210036,806.8990625,10243.958333333334,846.4588541666666
2025-08-19,0.232,,6.17,1.54,123.7,-0.5199999999999996,0.223,Upham North,0.0061,0.0606,-0.0025543898778672,111.60808361210036,806.8990625,10243.958333333334,846.4588541666666
2025-08-19,0.2797,,6.15,2.13,183.7,1.5900000000000003,0.306,Upham North,0.0019,0.0022,-0.0025543898778672,102.76910734787036,806.8990625,10243.958333333334,846.4588541666666
2025-08-19,0.247,,6.16,2.4,111.6,1.5900000000000003,0.256,Upham North,0.0018,4.7396,-0.0025543898778672,62.76910734787037,806.8990625,10243.958333333334,846.4588541666666
2025-08-19,0.0133,,5.72,2.09,66.67,5.251,0.012,Upham North,0.9321,7.2514,-0.0025543898778672,113.93394521358314,806.8990625,10243.958333333334,846.4588541666666
2025-08-19,0.1613,,5.85,1.89,73.12,5.251,0.119,Upham North,0.0553,2.7161,-0.0025543898778672,23.933945213583144,806.8990625,10243.958333333334,846.4588541666666
2025-08-19,0.012,,5.71,4.8,63.16,9.54,0.009,Upham North,11.1939,8.7295,-0.0025543898778672,78.83836739496586,806.8990625,10243.958333333334,846.4588541666666
2025-08-19,0.0121,,5.89,3.61,52.43,9.54,0.009,Upham North,10.0219,5.5944,-0.0025543898778672,48.83836739496586,806.8990625,10243.958333333334,846.4588541666666
2025-09-23,0.0142,,6.4,4.2,72.48,-1.0177960185796309,0.016,Upham West,1.1621,1.88,0.0038096933936906,148.67147158508646,805.4894791666667,6700.9375,844.7919791666667
2025-09-23,0.0185,,6.32,3.2,76.78,-1.0177960185796309,0.013,Upham West,1.0544,3.2632,0.0038096933936906,128.67147158508646,805.4894791666667,6700.9375,844.7919791666667
2025-09-23,0.0549,,6.1,1.14,81.83,-1.0177960185796309,0.032,Upham West,0.7523,6.7563,0.0038096933936906,108.67147158508648,805.4894791666667,6700.9375,844.7919791666667
2025-09-23,0.0361,,6.25,36.5,83.93,-1.0177960185796309,0.03,Upham West,0.0033,3.3067,0.0038096933936906,88.67147158508648,805.4894791666667,6700.9375,844.7919791666667
2025-09-23,0.052,,6.19,2.09,84.58,-1.0177960185796309,0.04,Upham West,0.003,0.0844,0.0038096933936906,68.67147158508648,805.4894791666667,6700.9375,844.7919791666667
2025-09-23,0.0083,,6.4,4.51,77.92,0.5801520148779957,0.012,Upham West,1.1179,2.1989,0.0038096933936906,139.78024079194557,805.4894791666667,6700.9375,844.7919791666667
2025-09-23,0.1073,,6.0,2.29,72.76,0.5801520148779957,0.065,Upham West,0.001,9.6625,0.0038096933936906,119.78024079194556,805.4894791666667,6700.9375,844.7919791666667
2025-09-23,0.0078,,6.09,2.94,80.22,0.5801520148779957,0.008,Upham West,0.8638,9.0176,0.0038096933936906,99.78024079194556,805.4894791666667,6700.9375,844.7919791666667
2025-09-23,0.0148,,6.28,4.51,80.99,0.5801520148779957,0.01,Upham West,0.7958,5.2431,0.0038096933936906,79.78024079194557,805.4894791666667,6700.9375,844.7919791666667
2025-09-23,0.2902,,6.28,1.93,106.0,0.5801520148779957,0.168,Upham West,0.0096,2.4674,0.0038096933936906,59.78024079194558,805.4894791666667,6700.9375,844.7919791666667
2025-09-23,0.0156,,6.39,6.01,79.65,1.1453617495144242,0.011,Upham West,1.1196,3.5898,0.0038096933936906,121.29556837091252,805.4894791666667,6700.9375,844.7919791666667
2025-09-23,0.0121,,6.21,2.79,80.14,1.1453617495144242,0.01,Upham West,0.7032,6.6768,0.0038096933936906,81.29556837091252,805.4894791666667,6700.9375,844.7919791666667
2025-09-23,0.048,,6.06,2.34,69.52,1.1453617495144242,0.024,Upham West,0.2016,7.8038,0.0038096933936906,41.29556837091252,805.4894791666667,6700.9375,844.7919791666667
2025-09-23,0.0217,,5.8,2.35,65.33,1.1453617495144242,0.014,Upham West,0.0035,7.7943,0.0038096933936906,1.2955683709125196,805.4894791666667,6700.9375,844.7919791666667
2025-09-23,0.0227,,6.18,5.79,70.02,2.762175040294632,0.011,Upham West,0.9986,7.713,0.0038096933936906,84.21152466226789,805.4894791666667,6700.9375,844.7919791666667
2025-09-23,0.0183,,5.75,1.87,64.0,2.762175040294632,0.011,Upham West,1.2961,9.9547,0.0038096933936906,54.21152466226789,805.4894791666667,6700.9375,844.7919791666667
2025-09-23,0.101,,5.88,3.56,73.17,2.762175040294632,0.072,Upham West,1.1455,8.707,0.0038096933936906,24.21152466226789,805.4894791666667,6700.9375,844.7919791666667
2025-09-23,0.0085,,6.37,4.77,70.78,15.2454964021004,0.007,Upham West,0.8756,1.4256,0.0038096933936906,89.36728735468083,805.4894791666667,6700.9375,844.7919791666667
2025-09-23,0.021,,6.06,2.6,45.39,15.2454964021004,0.011,Upham West,0.0037,3.0784,0.0038096933936906,49.367287354680826,805.4894791666667,6700.9375,844.7919791666667
2025-09-23,0.0117,,6.48,5.46,63.82,15.2454964021004,0.009,Upham West,0.6246,0.546,0.0038096933936906,9.367287354680826,805.4894791666667,6700.9375,844.7919791666667
2025-09-23,0.0345,,5.92,1.31,99.72,-0.5199999999999996,0.013,Upham North,0.0041,10.72505,-0.0017347098195735,152.4129249623272,805.4894791666667,6700.9375,844.7919791666667
2025-09-23,0.1883,,6.12,1.43,102.7,-0.5199999999999996,0.157,Upham North,0.0052,6.7445,-0.0017347098195735,132.4129249623272,805.4894791666667,6700.9375,844.7919791666667
2025-09-23,0.3879,,6.15,2.01,176.2,1.5900000000000003,0.322,Upham North,0.006,0.26305,-0.0017347098195735,143.74690119039715,805.4894791666667,6700.9375,844.7919791666667
2025-09-23,0.3599,,6.18,7.14,161.4,1.5900000000000003,0.258,Upham North,0.0042,0.2705,-0.0017347098195735,83.74690119039717,805.4894791666667,6700.9375,844.7919791666667
2025-09-23,0.0106,,5.85,2.33,54.53,5.251,0.011,Upham North,4.7921,7.0944,-0.0017347098195735,115.21182392545126,805.4894791666667,6700.9375,844.7919791666667
2025-09-23,0.1779,,6.02,2.07,164.0,5.251,0.091,Upham North,0.0051,2.9403,-0.0017347098195735,25.211823925451256,805.4894791666667,6700.9375,844.7919791666667
2025-09-23,0.0105,,5.84,5.25,68.11,9.54,0.007,Upham North,7.4107,10.9073,-0.0017347098195735,110.46780688383616,805.4894791666667,6700.9375,844.7919791666667
2025-09-23,0.0118,,5.73,5.14,62.29,9.54,0.008,Upham North,8.0294,10.0418,-0.0017347098195735,80.46780688383615,805.4894791666667,6700.9375,844.7919791666667
2025-09-23,0.0146,,5.79,6.02,53.79,9.54,0.008,Upham North,9.2483,6.5342,-0.0017347098195735,50.46780688383615,805.4894791666667,6700.9375,844.7919791666667
2025-09-23,0.0196,,5.94,3.39,52.75,9.54,0.011,Upham North,7.3436,4.4566,-0.0017347098195735,20.467806883836147,805.4894791666667,6700.9375,844.7919791666667
